{"name":"939eb858-9879-48f0-bdec-9dfb855b641a","id":"/providers/Microsoft.Flow/flows/939eb858-9879-48f0-bdec-9dfb855b641a","type":"Microsoft.Flow/flows","properties":{"apiId":"/providers/Microsoft.PowerApps/apis/shared_logicflows","displayName":"Auto-Extracting .zip from Outlook to OneDrive","definition":{"metadata":{"workflowEntityId":null,"processAdvisorMetadata":null,"flowChargedByPaygo":null,"flowclientsuspensionreason":"None","flowclientsuspensiontime":null,"flowclientsuspensionreasondetails":null,"creator":{"id":"fe07f690-035e-404f-9a22-6f3b2aca8a13","type":"User","tenantId":"164e1b0e-c8e5-41a9-9bbb-6f7ed40eef04"},"provisioningMethod":"FromDefinition","failureAlertSubscription":true,"clientLastModifiedTime":"2025-04-25T19:21:15.8493355Z","connectionKeySavedTimeKey":"2025-04-25T19:21:15.8493355Z","creationSource":"Portal","modifiedSources":"Portal"},"$schema":"https://schema.management.azure.com/providers/Microsoft.Logic/schemas/2016-06-01/workflowdefinition.json#","contentVersion":"1.0.0.0","parameters":{"$authentication":{"defaultValue":{},"type":"SecureObject"},"$connections":{"defaultValue":{},"type":"Object"}},"triggers":{"When_a_new_email_arrives_(V3)":{"splitOn":"@triggerOutputs()?['body/value']","type":"OpenApiConnectionNotification","inputs":{"parameters":{"from":"mm114676@student.sgh.waw.pl","includeAttachments":true,"subjectFilter":"Invoice Report ZIP","fetchOnlyWithAttachment":true},"host":{"apiId":"/providers/Microsoft.PowerApps/apis/shared_office365","connectionName":"shared_office365","operationId":"OnNewEmailV3"},"authentication":"@parameters('$authentication')"}}},"actions":{"For_each":{"foreach":"@triggerOutputs()?['body/attachments']","actions":{"Create_file":{"runAfter":{"Update_file":["TimedOut","Failed","Skipped"]},"type":"OpenApiConnection","inputs":{"parameters":{"folderPath":"/Power-Automate/archive","name":"Fresh_Invoice_Report.zip","body":"@item()?['contentBytes']"},"host":{"apiId":"/providers/Microsoft.PowerApps/apis/shared_onedriveforbusiness","connectionName":"shared_onedriveforbusiness","operationId":"CreateFile"},"authentication":"@parameters('$authentication')"},"runtimeConfiguration":{"contentTransfer":{"transferMode":"Chunked"}}},"Extract_archive_to_folder":{"runAfter":{"Create_file":["Succeeded"]},"type":"OpenApiConnection","inputs":{"parameters":{"source":"@outputs('Create_file')?['body/Path']","destination":"/Power-Automate/extracted_overdue_report","overwrite":true},"host":{"apiId":"/providers/Microsoft.PowerApps/apis/shared_onedriveforbusiness","connectionName":"shared_onedriveforbusiness","operationId":"ExtractFolderV2"},"authentication":"@parameters('$authentication')"}},"Update_file":{"metadata":{"b!Z2ABWeJD9kCSAcQ6p7IIUBgUQ_6Y-FNDt8iJUaFYjIRWLtrKSZJWSqDsAuD9s2bI.01YDV5TLJLMX5WN7N4WJDYFWQ47JV7ORLS":"/Power-Automate/extracted_overdue_report/Overdue_Invoices_Report.xlsx","b!Z2ABWeJD9kCSAcQ6p7IIUBgUQ_6Y-FNDt8iJUaFYjIRWLtrKSZJWSqDsAuD9s2bI.01YDV5TLJCHSEDPH3FBJFKVETPAU4XDGMA":"/Power-Automate/archive/Fresh_Invoice_Report.zip"},"type":"OpenApiConnection","inputs":{"parameters":{"id":"b!Z2ABWeJD9kCSAcQ6p7IIUBgUQ_6Y-FNDt8iJUaFYjIRWLtrKSZJWSqDsAuD9s2bI.01YDV5TLJCHSEDPH3FBJFKVETPAU4XDGMA","body":"@item()?['contentBytes']"},"host":{"apiId":"/providers/Microsoft.PowerApps/apis/shared_onedriveforbusiness","connectionName":"shared_onedriveforbusiness","operationId":"UpdateFile"},"authentication":"@parameters('$authentication')"},"runtimeConfiguration":{"contentTransfer":{"transferMode":"Chunked"}}}},"runAfter":{},"type":"Foreach"}},"outputs":{}},"connectionReferences":{"shared_office365":{"connectionName":"shared-office365-9e20ffbe-c0a5-4f87-9a67-e44f7325e02c","source":"Embedded","id":"/providers/Microsoft.PowerApps/apis/shared_office365","tier":"NotSpecified","apiName":"office365"},"shared_onedriveforbusiness":{"connectionName":"shared-onedriveforbu-f1a17edb-a2d2-48a5-aa98-ed663ada2c58","source":"Embedded","id":"/providers/Microsoft.PowerApps/apis/shared_onedriveforbusiness","tier":"NotSpecified","apiName":"onedriveforbusiness"}},"flowFailureAlertSubscribed":false,"isManaged":false}}