{"name":"b40d860e-b7b3-4eb5-aac7-8548bf82bdc0","id":"/providers/Microsoft.Flow/flows/b40d860e-b7b3-4eb5-aac7-8548bf82bdc0","type":"Microsoft.Flow/flows","properties":{"apiId":"/providers/Microsoft.PowerApps/apis/shared_logicflows","displayName":"Notify customers about overdue invoices","definition":{"metadata":{"workflowEntityId":null,"processAdvisorMetadata":null,"flowChargedByPaygo":null,"flowclientsuspensionreason":"None","flowclientsuspensiontime":null,"flowclientsuspensionreasondetails":null,"creator":{"id":"fe07f690-035e-404f-9a22-6f3b2aca8a13","type":"User","tenantId":"164e1b0e-c8e5-41a9-9bbb-6f7ed40eef04"},"provisioningMethod":"FromDefinition","failureAlertSubscription":true,"clientLastModifiedTime":"2025-04-25T19:14:55.4701275Z","connectionKeySavedTimeKey":"2025-04-25T19:14:55.4701275Z","creationSource":"Portal","modifiedSources":"Portal"},"$schema":"https://schema.management.azure.com/providers/Microsoft.Logic/schemas/2016-06-01/workflowdefinition.json#","contentVersion":"undefined","parameters":{"$authentication":{"defaultValue":{},"type":"SecureObject"},"$connections":{"defaultValue":{},"type":"Object"}},"triggers":{"manual":{"type":"Request","kind":"Button","inputs":{"schema":{"type":"object","properties":{},"required":[]}}}},"actions":{"List_rows_present_in_a_table":{"runAfter":{},"metadata":{"01YDV5TLJLMX5WN7N4WJDYFWQ47JV7ORLS":"/Power-Automate/extracted_overdue_report/Overdue_Invoices_Report.xlsx","tableId":"{87A63955-D626-4888-B54A-450349E7D442}"},"type":"OpenApiConnection","inputs":{"parameters":{"source":"me","drive":"b!Z2ABWeJD9kCSAcQ6p7IIUBgUQ_6Y-FNDt8iJUaFYjIRWLtrKSZJWSqDsAuD9s2bI","file":"01YDV5TLJLMX5WN7N4WJDYFWQ47JV7ORLS","table":"{87A63955-D626-4888-B54A-450349E7D442}"},"host":{"apiId":"/providers/Microsoft.PowerApps/apis/shared_excelonlinebusiness","connectionName":"shared_excelonlinebusiness","operationId":"GetItems"},"authentication":{"value":"@json(decodeBase64(triggerOutputs().headers['X-MS-APIM-Tokens']))['$ConnectionKey']","type":"Raw"}}},"Compose_-_only_unique_emails":{"runAfter":{"Select_All_Emails":["Succeeded"]},"type":"Compose","inputs":"@union(body('Select_All_Emails'),body('Select_All_Emails'))"},"Parse_JSON_-_Email_data_type_into_JSON":{"runAfter":{"Compose_-_only_unique_emails":["Succeeded"]},"type":"ParseJson","inputs":{"content":"@outputs('Compose_-_only_unique_emails')","schema":{"type":"array","items":{"type":"object","properties":{"Email":{"type":"string"}},"required":["Email"]}}}},"Apply_to_each":{"foreach":"@body('Parse_JSON_-_Email_data_type_into_JSON')","actions":{"Compose_-_Each_Single_Email":{"type":"Compose","inputs":"@items('Apply_to_each')['Email']"},"Filter_-_rows_for_current_Email":{"runAfter":{"Compose_-_Each_Single_Email":["Succeeded"]},"type":"Query","inputs":{"from":"@outputs('List_rows_present_in_a_table')?['body/value']","where":"@equals(item()?['Email'],outputs('Compose_-_Each_Single_Email'))"}},"Create_HTML_table":{"runAfter":{"Filter_-_rows_for_current_Email":["Succeeded"]},"type":"Table","inputs":{"from":"@body('Filter_-_rows_for_current_Email')","format":"HTML","columns":[{"header":"Customer","value":"@item()?['Customer Name']"},{"header":"Date","value":"@item()?['Date']"},{"header":"Due Date","value":"@item()?['Due Date']"},{"header":"Days Overdue","value":"@item()?['Overdue Days']"},{"header":"Product","value":"@item()?['Product Name']"},{"header":"Invoice","value":"@item()?['Invoice Ref']"},{"header":"Net Amount","value":"@item()?['Invoice Net']"},{"header":"Currency","value":"@item()?['Currency']"}]}},"Send_an_email_(V2)":{"runAfter":{"Compose_-_format_the_HTML_table":["Succeeded"]},"type":"OpenApiConnection","inputs":{"parameters":{"emailMessage/To":"@outputs('Compose_-_Each_Single_Email')","emailMessage/Subject":"Payment Reminder ","emailMessage/Body":"<p class=\"editor-paragraph\">Dear Customer,<br><br>I hope this message finds you well.<br><br>We are writing to kindly remind you that there are outstanding invoices for products you purchased, which are now overdue. We would greatly appreciate it if you could process the payment at your earliest convenience.</p><br><p class=\"editor-paragraph\">@{outputs('Compose_-_format_the_HTML_table')}</p><p class=\"editor-paragraph\"><br>If you have already made the payment or have any questions regarding the invoices, please don’t hesitate to reach out.<br><br>Thank you for your attention to this matter. We look forward to your prompt response.<br><br>Best regards,<br>Matt Games</p>","emailMessage/Importance":"Normal"},"host":{"apiId":"/providers/Microsoft.PowerApps/apis/shared_office365","connectionName":"shared_office365","operationId":"SendEmailV2"},"authentication":{"value":"@json(decodeBase64(triggerOutputs().headers['X-MS-APIM-Tokens']))['$ConnectionKey']","type":"Raw"}}},"Compose_-_format_the_HTML_table":{"runAfter":{"Create_HTML_table":["Succeeded"]},"type":"Compose","inputs":"<html>\n  <head>\n    <style>\n      body {\n        font-family: Arial, sans-serif;\n        margin: 20px;\n      }\n      table {\n        width: 100%;\n        border-collapse: collapse;\n        font-size: 14px;\n        box-shadow: 0 2px 5px rgba(0,0,0,0.1);\n      }\n      th {\n        background-color: #007ACC;\n        color: white;\n        text-align: left;\n        padding: 12px;\n        font-weight: bold;\n        border: 1px solid #ddd;\n      }\n      td {\n        padding: 12px;\n        border: 1px solid #ddd;\n        vertical-align: top;\n      }\n      tr:nth-child(even) {\n        background-color: #f9f9f9;\n      }\n      tr:hover {\n        background-color: #f1f1f1;\n      }\n    </style>\n  </head>\n  <body>\n    @{body('Create_HTML_table')}\n  </body>\n</html>\n"}},"runAfter":{"Parse_JSON_-_Email_data_type_into_JSON":["Succeeded"]},"type":"Foreach"},"Select_All_Emails":{"runAfter":{"List_rows_present_in_a_table":["Succeeded"]},"type":"Select","inputs":{"from":"@body('List_rows_present_in_a_table')?['value']","select":{"Email":"@item()?['Email']"}}}}},"connectionReferences":{"shared_excelonlinebusiness":{"connectionName":"shared-excelonlinebu-145283fb-39f4-45c4-8c97-bbc302dfabf9","source":"Invoker","id":"/providers/Microsoft.PowerApps/apis/shared_excelonlinebusiness","tier":"NotSpecified","apiName":"excelonlinebusiness"},"shared_office365":{"connectionName":"shared-office365-9e20ffbe-c0a5-4f87-9a67-e44f7325e02c","source":"Invoker","id":"/providers/Microsoft.PowerApps/apis/shared_office365","tier":"NotSpecified","apiName":"office365"}},"flowFailureAlertSubscribed":false,"isManaged":false}}